8,Karen Santos,female,34,Mariaville-AK-29888,2003/12/12
10,Steven Rivera,male,43,Wayneside-VT-29040,2003/05/15
14,David Love,male,59,Hernandezland-KY-97361,2020/12/26
15,Timothy Jones,male,68,Wilsonport-MT-95064,2015/11/13
16,Christopher Hayden,male,48,Sandraborough-CT-85036,2017/07/12
17,Mikayla Jacobson,female,67,Harrisonhaven-ID-71589,2005/02/23
18,Steven Myers,male,72,North Christinaside-ME-79432,2008/08/09
19,Justin Beasley,male,50,Whiteport-GA-29233,2000/08/09
25,Mrs. Michele Fuller,female,29,Taylorhaven-CT-97167,2010/11/14
26,Shirley Lucas,female,50,East Chaseside-MA-11637,2006/12/26
31,James Lewis,male,77,Cummingsville-DC-95378,2000/09/10
34,Kimberly Rice,female,61,Griffinmouth-OH-05467,2019/12/22
37,Edward Martin,male,19,Annettechester-CO-34375,2011/11/26
41,Joshua Quinn,male,62,Emilytown-NM-68576,2005/08/01
48,Samuel Reeves,male,74,North Kimberly-WI-68170,2009/08/31
49,Steve Oneill,male,26,North Jimmy-ME-90116,2017/01/09
51,Sarah Delgado PhD,female,59,West Jenniferfort-OK-42974,2000/01/17
54,Sandra Barnes,female,64,Lake Thomas-VT-24520,2001/06/09
55,Richard Morris,male,79,Williammouth-AR-88280,2017/12/22
60,Elizabeth Williams,female,63,West Tyler-WI-04103,2013/04/29
61,Jessica Sanders,female,64,North Madison-NV-91433,2010/10/09
63,Timothy Johnston,male,63,West Laurie-NM-75596,2007/05/21
64,Anthony Thompson,male,61,North Kimberlyland-KS-29314,2008/01/14
65,Mark Bolton,male,56,South Gregoryshire-OK-95787,2015/01/26
66,Lauren Jackson,female,28,Erinport-DC-24100,2020/01/10
67,Michael Martinez,male,52,Johnsontown-WV-62216,2001/07/17
69,Jacob Bryant,male,63,Fordville-TX-15969,2004/01/10
70,Steven Taylor,male,43,Michaelchester-ND-78635,2012/07/18
72,Victoria Robinson,female,35,Williamberg-NC-55183,2015/12/20
73,Kathryn Maynard,female,31,South Stephaniefurt-RI-50950,2000/10/05
75,Grace Baird,female,77,Port Margaretland-TX-91596,2014/06/08
77,Evelyn Hawkins,female,37,Maddoxberg-IN-53455,2007/01/20
78,Courtney Taylor,female,76,Martinview-NC-09759,2015/01/21
80,Crystal Schroeder,female,78,West Jakeborough-IL-38829,2014/10/28
82,Glen Martinez,male,23,Port Carrie-WA-49233,2002/01/09
84,Amber Jackson,female,80,Lake Joseph-KS-67884,2009/02/04
90,Samantha Torres,female,49,North Nicholas-NE-18803,2008/08/06
92,Mason Oliver,male,40,South Anthony-OH-81219,2018/04/13
95,Casey Lawson,male,37,Bankstown-VT-74246,2011/11/12
99,Jessica Smith,female,80,South Jessicafort-WV-07577,2013/11/14
101,Brandon Perkins,male,49,South Kevin-AL-22753,2014/06/27
102,Tiffany Scott,female,55,Port Laurenfort-AR-39458,2004/08/03
104,Adam Best,male,42,Robertburgh-ND-74118,2005/09/26
107,Joshua Becker,male,24,North James-KY-83159,2012/03/09
109,Elizabeth Bryant,female,24,West Eddieville-MO-92226,2004/08/14
111,Michael Hernandez,male,68,Port Loribury-GA-44661,2012/12/11
115,Devin Wilson,male,50,North Amyview-NH-98941,2004/11/19
119,Jennifer Galloway,female,61,Morrisberg-SC-33502,2020/12/26
120,Tyler Morgan,male,71,Seanside-HI-54170,2010/06/23
124,Katherine Gonzalez,female,23,Joshuachester-WI-03800,2017/07/03
125,Mrs. Holly Wall,female,75,East Geraldmouth-VT-83488,2007/07/24
127,Ronald Yang,male,55,Lindsayborough-MS-19605,2020/08/08
129,Holly Ross,female,23,West Natalie-MN-49836,2001/12/22
130,Joshua Gonzalez,male,71,Goodmanbury-WY-60820,2000/04/09
132,Tonya Anderson,female,52,Lake Johnberg-IN-11566,2012/02/10
133,Gregg Lynn,male,22,Tracyside-NH-96440,2016/09/11
135,Barbara Navarro,female,56,Port Jamesshire-DC-02978,2019/10/20
137,Deborah Finley,female,72,Hoodmouth-MA-45043,2015/11/26
139,Julian Smith,male,73,North Monica-CA-32308,2013/07/28
140,Edward Carter,male,59,Webbton-CA-11637,2004/02/21
141,James Day,male,73,Lauraburgh-SC-60909,2020/10/18
142,Erika Hudson,female,39,Danielville-TN-53293,2004/06/08
148,Lindsey Carpenter,female,48,Hudsonmouth-WY-98784,2021/07/08
151,Mariah Griffith,female,23,New Deborah-AK-50640,2018/12/12
152,Samuel Cruz,male,49,Jacquelineton-AZ-15554,2009/12/05
154,Deanna Kemp,female,56,New Wayneview-ID-45022,2004/06/16
155,Lauren Forbes,female,44,South Juan-VT-27018,2001/02/21
156,David Garcia,male,29,Port Stuartmouth-UT-38814,2016/05/07
157,Ashley Francis,female,78,Johnfort-SC-78659,2005/07/25
158,Karen Randall,female,46,Shannonburgh-AZ-41276,2012/09/20
159,Eric Martin,male,19,Katrinatown-MI-80510,2008/08/14
162,Elizabeth Anderson,female,54,Davidville-MD-12024,2020/10/10
163,Elizabeth Kramer,female,80,Brookschester-KS-65550,2019/07/01
165,Audrey Livingston,female,28,South Sarahville-WA-09214,2015/11/05
166,Richard Chen,male,48,Lawsonhaven-SD-50436,2015/09/11
168,Adrienne Taylor,female,73,West Ethan-MS-37284,2017/01/29
169,Matthew Cook,male,57,South Whitney-VA-96097,2009/07/05
170,Stephanie Bush,female,28,Amyside-UT-49778,2020/02/06
177,Patricia Johnson,female,70,East Caleb-ND-38308,2002/12/31
181,Patrick Gamble,male,71,Baileyville-MD-53563,2016/10/14
186,Grant Soto,male,58,Port Patriciaside-MT-22954,2008/02/04
189,Michael Booker,male,68,North Tracyton-MI-44184,2002/09/26
194,Michael Marshall,male,20,Kellyhaven-OH-36909,2013/11/12
197,Evan Sanchez,male,67,New Brittanystad-KY-31604,2014/11/23
198,Bobby Bradley,male,48,Desireeborough-NH-80201,2016/07/07
199,Denise Davila DVM,female,41,North Francesview-OR-52784,2019/01/10
200,Monica Burnett,female,18,Lake Kathytown-MD-65833,2009/11/15
203,Brooke Edwards,female,55,Port Stacy-VT-66534,2005/06/12
204,Christopher Watkins,male,40,West Jennifer-DC-27132,2006/10/06
212,Eric Chang,male,70,Valenciaport-WY-83759,2021/06/04
214,Edwin Berger,male,23,East Kathleen-WI-76657,2006/09/05
216,Thomas Reed,male,21,Alvarezland-HI-01900,2016/01/24
219,John Moore,male,21,West Wendy-VT-04442,2009/08/29
221,Javier Simmons,male,41,Lake Kristen-SC-27109,2003/02/08
224,Michael Taylor,male,69,Rodriguezville-MI-12286,2000/03/02
225,Kevin Morris,male,43,South Ashley-RI-91111,2011/08/30
226,Andrea Chapman,female,53,Lake Margaretview-AR-88494,2000/05/31
227,Christopher Young,male,40,North Dylanland-NM-28501,2003/02/24
232,Jerry Martinez,male,24,Christopherton-PA-60818,2011/05/18
235,Janet Villarreal,female,75,New Xavierland-CO-75772,2009/06/21
239,Mr. Dennis Waters MD,male,60,Bennettshire-HI-60588,2007/07/08
240,Rebecca Scott,female,54,Deleonhaven-NE-33105,2008/10/13
241,Trevor Adams,male,27,New Jaredton-WI-42230,2014/12/02
242,Cameron Esparza,male,43,Anthonybury-MN-50386,2008/12/21
244,Julie Roberts,female,67,West Markport-MO-32971,2004/10/23
248,Kimberly Fowler,female,71,South Elizabeth-VT-19411,2010/05/23
249,William Scott,male,69,Robertchester-PA-18083,2000/07/11
250,Brian Roach,male,63,South Nicole-MN-92366,2017/10/27
251,Jacqueline Bailey,female,78,New Shelley-MI-21255,2002/05/22
252,Brenda Smith,female,48,Garciamouth-NJ-06054,2005/01/28
254,Dominic Frazier,male,28,Tannerville-MT-77671,2007/03/18
255,April Graham,female,78,Michaelborough-LA-77854,2004/01/11
259,Brooke Miller,female,35,Tonibury-MA-40843,2015/04/23
260,Frank Contreras,male,18,Hubbardtown-OK-01258,2013/09/16
262,Lee Perez,male,35,Port Joseph-NJ-93532,2012/10/19
265,Michelle Yu,female,65,West Hannahmouth-AL-20283,2020/11/30
266,Victoria Schmidt,female,53,Pattersonfort-VT-75539,2007/07/25
269,Lauren Middleton,female,57,West Richardside-RI-21470,2011/04/18
271,Cheryl Simmons,female,31,South Michelleville-NE-73154,2010/05/31
273,Teresa Terry,female,40,Webbfurt-NM-31603,2000/04/12
276,Alexandria Johnson,female,50,Monroehaven-OR-47139,2021/09/30
282,Debbie White,female,62,Melissaport-CT-66021,2021/09/23
285,Jordan Kirk,male,53,Wallaceton-MA-28643,2000/05/11
289,Robert White,male,47,Aimeetown-ME-59381,2001/02/04
294,Julie James,female,35,Port Wendybury-ND-21253,2013/02/09
296,Vincent Brown,male,74,Jesusborough-ID-64244,2006/04/13
297,William Hurley,male,80,Cummingston-DC-76262,2011/01/20
298,Samantha Adkins,female,42,Granttown-AL-03975,2010/06/17
302,Michael Andrews,male,40,North Brookeview-AL-34621,2010/12/09
303,Jack Jensen,male,35,East Andrew-NV-96426,2001/02/12
304,Kenneth Golden,male,79,Tylershire-GA-05137,2012/11/22
306,Thomas Hammond,male,39,New Joseph-VA-22160,2002/09/09
307,Terry Richardson,male,66,Jacksonport-HI-36369,2018/08/15
308,Stephen Perry,male,72,Sarahchester-CO-32947,2000/12/26
310,Julia Williams,female,64,Port Alexis-IN-06246,2008/10/27
311,Stephanie Richardson,female,36,Lake Pamelaland-GA-14141,2012/03/21
314,Cheryl Pacheco,female,57,East Johnville-IN-64141,2000/10/29
316,Joshua Fischer,male,30,Stephanieport-ME-65409,2015/04/11
317,Tamara Cowan,female,70,Thompsonmouth-UT-66652,2020/05/18
318,Noah Hernandez,male,18,North Christinahaven-AL-86922,2010/01/10
320,Tina Knight,female,75,Jessicamouth-GA-95857,2016/03/14
322,Paul Nguyen,male,53,Morganland-SD-57310,2009/05/02
325,Cindy Figueroa,female,23,Martinezside-MI-27048,2001/12/06
326,Dustin Thompson,male,69,South Leroy-AK-16437,2007/05/20
327,Russell Davis,male,31,Serranofurt-SD-24601,2002/06/06
330,Danielle Sanchez,female,42,Quinnstad-NY-83642,2019/01/12
332,Laura Riley,female,38,Monicashire-ME-43878,2008/02/13
338,Nicole Fitzgerald,female,27,Rodriguezview-OR-46968,2005/06/12
340,Susan Gomez,female,80,West Markhaven-KS-40098,2015/03/17
342,Sean Bowen,male,34,Taylorborough-IA-33293,2009/12/18
345,Jason Martin,male,44,North Sonya-WI-03721,2006/03/28
346,Andrea Parker DVM,female,42,East Matthewmouth-WI-07114,2001/09/15
347,Regina Moreno,female,28,East Stevenborough-KY-32941,2021/01/22
348,Nathan Smith,male,60,East Dianeside-AR-09432,2000/10/26
353,Patricia Christensen,female,72,Sheilaberg-MI-62554,2006/03/11
354,Monica Wells,female,23,Christopherland-NV-91182,2009/07/25
355,Christine Rogers,female,66,Robertsfort-DE-17675,2008/09/25
356,Christina Powell,female,58,South Dawn-FL-35510,2013/03/02
360,Jimmy Fox,male,37,South Garrett-NE-47280,2000/10/12
363,Danielle Davis,female,42,New Erikmouth-AZ-00601,2005/12/05
367,Justin Scott,male,57,Port Jacobfort-CT-36999,2009/07/02
368,Jessica Smith,female,61,Katherineton-NE-94816,2018/10/30
372,Alexis Cline,female,46,Brendaville-MS-49983,2004/04/30
373,Derrick Reed,male,49,New Kristin-OH-57124,2015/01/20
374,James Lee,male,68,Ginaland-AR-69827,2008/06/23
381,Megan Johnson,female,24,Cummingsbury-CT-72933,2014/05/05
382,James Murphy,male,79,Sanchezfurt-UT-84922,2009/02/22
388,Nichole Rollins,female,19,West Rose-LA-50947,2017/07/19
389,Elizabeth Willis,female,72,Carolborough-AZ-29544,2017/04/18
393,Christopher Lopez,male,30,Meyersfurt-IA-44118,2004/07/27
394,Ashley Baker,female,60,Paulville-AR-11985,2014/03/17
395,Kenneth Williams,male,62,Port Bradleyfort-ME-92335,2010/02/05
396,Sean Brown,male,44,Johnsonmouth-TN-68538,2009/08/12
397,Stephanie Morris,female,31,Brownfurt-AK-44476,2017/09/03
400,Matthew Cuevas,male,74,West Catherinefort-AL-92408,2002/10/17
401,Shelby Burns,female,59,Edwardsborough-AR-05236,2003/06/14
406,David Chapman,male,78,Lake Sharonborough-MN-09415,2005/01/20
409,Alexandra Conrad,female,78,Wendymouth-IL-61322,2018/04/05
412,Manuel Lawson,male,73,Gardnertown-OK-07683,2007/04/08
413,Roberto Wilson,male,75,Dominiquefurt-IL-17017,2011/10/26
419,Phyllis Wilson,female,42,Port Samanthaside-SD-93414,2011/11/11
421,Jennifer Hughes,female,41,Port Christopherview-CO-72965,2015/07/27
422,Marcus Alvarado,male,47,North Devin-WI-74343,2011/05/24
425,Lindsey Reed,female,80,Dixonshire-RI-46042,2018/10/17
428,Jacob Cruz,male,39,Cruzstad-DE-84994,2004/01/09
430,Eric Nash,male,18,Lake Brandon-OK-96587,2015/05/28
435,Shaun Ewing,male,48,Floresfurt-GA-96692,2021/05/19
436,William Gutierrez,male,56,Edwardsbury-MN-78055,2011/11/13
443,Andrea Stone,female,63,South Natalieshire-MA-22858,2016/11/18
444,Courtney Richards,female,36,South Jamesborough-MA-65511,2004/03/27
446,Holly Moore,female,36,South Anitamouth-AR-83419,2017/03/14
449,Brandi Cabrera,female,63,Pattersonton-MS-67758,2010/01/18
453,Sandy Clark,female,29,Port Andrea-NJ-51360,2005/01/27
455,Christina Hernandez,female,79,Rogersville-VT-51224,2000/06/01
458,Kelsey Thompson,female,49,Dianechester-ND-31671,2011/03/21
463,Richard Dean,male,65,East Donnafurt-MS-92166,2000/08/18
466,Jill Rodriguez,female,45,Smithshire-PA-04913,2020/07/10
467,Darrell Turner,male,30,New Kyleton-DC-39290,2003/10/22
468,Angela Adams,female,74,Raymondmouth-MN-37407,2006/06/21
472,Alison Meyer,female,41,Traceyview-LA-93849,2002/12/08
473,Heidi Brooks,female,67,Lake Kimberly-CO-95683,2014/08/20
475,Brandon Brown,male,51,Port Rachel-MD-88719,2021/04/01
476,Tanya Maxwell,female,68,Jeremyville-IA-28726,2002/12/23
478,Charles Robinson,male,65,Sarahtown-OK-60766,2003/04/08
479,Daniel Patel,male,49,North Kyle-CT-31315,2003/02/01
483,Tyler Gonzalez,male,75,Port Katelyntown-AL-33333,2001/08/08
486,Michael Osborn,male,62,Port Nathan-DC-21983,2019/11/24
489,Megan Myers,female,41,Candacechester-AK-24255,2011/02/27
493,Amy Reed,female,44,Maytown-UT-19740,2016/10/30
497,Martin Thompson,male,32,Port Michaelville-PA-56236,2018/04/24
500,Lisa Morgan,female,46,Heathertown-OR-06271,2006/03/05
503,Stacey Decker,female,42,Johnsonton-NV-26692,2016/01/11
505,Zachary Ford,male,58,West Meredithberg-ME-06625,2007/04/21
509,Alexis Thompson,female,49,Fullerside-NE-90436,2020/11/22
512,John Flores,male,57,Port Edward-TN-52030,2016/04/24
515,Jack Lloyd,male,46,Singletonbury-NE-93544,2013/03/09
520,Jessica Hoffman,female,47,Martinmouth-ID-04907,2001/04/10
522,Cody Mccarthy,male,51,North Williamtown-WV-08358,2004/07/01
530,Cory Taylor,male,74,West Charles-ME-44002,2001/06/11
531,Jason Knight,male,73,New Kathrynburgh-AR-59404,2000/08/03
533,Daniel Contreras,male,19,West Matthewview-KS-49340,2001/09/08
534,Brittany Cunningham,female,56,West Nicholas-NE-30546,2019/08/08
538,David Marsh,male,20,New Michelleside-SC-16251,2018/03/03
541,Kristopher Keith,male,55,Port Martha-MT-51561,2013/03/12
544,Edgar Boyer,male,33,Deanhaven-IA-04619,2002/04/30
545,Michael Stone,male,68,Grayville-AR-15134,2002/12/13
550,Pamela Hancock,female,73,West Helenburgh-MO-05984,2010/12/26
552,Cody Jones,male,45,Bennettberg-KY-29734,2010/08/09
553,Gary Avila,male,62,Jenkinsfurt-NY-60727,2001/07/31
554,Matthew Ball,male,73,West Blakefurt-VA-57299,2006/05/03
555,Theresa Haynes,female,57,Howardport-NV-76004,2001/10/24
559,Dr. Michele Coleman PhD,female,44,Thomasside-MN-87753,2012/07/28
561,Jonathan Davis,male,29,Henryside-OK-47762,2004/04/21
562,Michael Adams,male,28,Jamesland-IA-53630,2008/07/23
564,Amanda Ramirez,female,76,South Richardbury-NY-45897,2003/02/24
568,Mr. Parker Perez PhD,male,78,Port Carla-AR-80749,2011/01/20
569,Jessica Lawson,female,60,Mirandaville-PA-24896,2016/08/06
572,Joshua Reynolds,male,73,South Marioside-WV-33632,2019/10/05
574,Joseph Potts,male,73,Chadtown-IN-29180,2002/03/23
575,Jane Brown,female,20,Smithtown-CA-85756,2006/12/01
576,Gary Gonzalez,male,73,East Amy-NC-91402,2011/02/11
579,Raymond Hicks,male,54,Deleonmouth-WV-72960,2006/06/23
581,Brianna Walker,female,71,Port Gabriel-MA-90575,2007/04/24
582,Mike Valentine,male,74,Joshuamouth-NM-14749,2013/10/15
583,Brian Beck,male,31,South Nathan-AR-57670,2012/01/02
587,Lauren Ball,female,59,Richardstad-CA-92997,2005/03/04
588,Eric Lang,male,59,Samuelbury-NV-94769,2009/10/01
590,Gabriella Jackson,female,76,New Samantha-NH-62074,2003/12/19
591,Elizabeth Jenkins,female,61,Darleneborough-ND-44238,2021/09/23
592,Ashley Figueroa,female,39,Lake Amy-CT-79567,2009/01/03
593,Jennifer Murphy,female,52,Kennethmouth-MA-11449,2000/07/12
594,Amber Santana,female,78,Bowmanville-KY-51759,2010/12/10
599,Patricia Anderson,female,69,West Jasonmouth-PA-25153,2002/04/09
601,Sandra Brown,female,21,East Carol-CA-59335,2020/03/24
607,Jennifer Pearson,female,35,West Kelseyfurt-FL-25527,2009/12/09
608,Kristen Johnson,female,69,Cynthiamouth-CO-04325,2019/07/17
610,Michael Barton,male,63,Rodriguezchester-MT-68365,2012/11/03
616,Melanie Martinez,female,72,Shellytown-ME-96176,2011/10/07
618,Sarah Padilla,female,61,Christianshire-UT-36591,2017/11/08
620,Ann Parker,female,50,Samuelchester-NH-18367,2002/06/14
623,Eugene Bernard,male,25,Port Patricia-WY-09180,2009/02/20
624,Kevin Duncan,male,33,Martinton-GA-34143,2019/01/12
625,Emily Baker,female,35,Port Francisco-CO-33433,2001/03/10
632,Richard Martin,male,38,North Brittanyshire-WI-26748,2005/02/28
634,Megan Cooper,female,27,Lake Joeburgh-WI-62960,2001/07/30
637,Cynthia Wood,female,23,Christopherton-NV-29954,2006/03/09
638,Ian Haas,male,48,Kathyburgh-WI-41596,2005/07/02
639,Wanda Foster,female,18,Shirleyton-SC-91162,2006/10/13
643,Madeline Jones,female,22,Colemanburgh-OH-74797,2001/02/15
644,Matthew Santana,male,22,South Russell-FL-01422,2000/12/03
645,Molly York,female,79,New David-MS-67710,2017/11/18
646,Jeremiah Rogers,male,76,South Rebecca-WV-47566,2002/04/27
650,Gabriel Bowers,male,55,Port Brian-CO-73725,2018/06/08
653,Christina Rocha,female,58,North Daniel-CO-58510,2012/06/20
654,Brenda Buchanan,female,48,Leeport-IL-72809,2010/07/12
655,Alexa Johnson,female,19,Lake Briannamouth-ID-62155,2007/05/12
658,David Thornton,male,80,Brendaport-TN-15823,2003/05/04
661,William Holloway MD,male,54,East Brittany-NJ-48250,2009/12/17
662,Ethan Wallace,male,58,Brandonhaven-NC-54191,2015/05/26
663,Nicole Weaver,female,80,Tammyshire-KY-47747,2001/01/26
664,Barry Blankenship,male,57,Kristinabury-NJ-89256,2010/02/19
665,Kristen Johnson,female,33,Tammytown-MT-46478,2000/05/03
666,Rodney Cohen,male,55,Aliciafort-ID-92992,2015/04/15
668,Stephanie Hawkins,female,40,Smithchester-NH-75984,2009/08/07
672,Jacob Anderson,male,48,East Stephanie-KY-82253,2012/02/16
673,William Stewart,male,55,West Elizabeth-IN-37263,2018/09/28
675,Jennifer Mora,female,79,Shelbyside-ID-39782,2017/08/09
677,Jordan Stuart,male,48,Masonville-TN-75661,2017/05/04
680,Eddie Martinez,male,57,North Cassie-MS-80724,2013/05/08
682,Michael Cardenas,male,36,Port Andrea-KY-46249,2004/04/01
683,Ashley Martin,female,78,Johnsonhaven-OK-06123,2002/07/27
684,Scott Sutton,male,59,East Tina-DC-31513,2011/02/25
685,Denise Smith,female,28,New Jamesshire-MI-97685,2015/04/04
689,Angela Walker,female,29,North Scotttown-KY-97038,2018/02/14
690,Ruth Anderson,female,25,Brownfort-VA-02561,2013/09/01
697,Anna Poole,female,56,Bethanystad-NY-58926,2010/01/02
699,Bridget Carter,female,62,Castilloville-LA-22557,2007/06/19
703,Caleb Gibson MD,male,38,Andersenton-NY-15099,2007/07/25
707,Billy Mathis,male,74,East Michaelborough-AR-40009,2021/09/07
708,Kevin Rivera,male,46,Gomezborough-NH-40702,2019/09/23
709,Miguel Vasquez,male,39,Reneebury-KY-57831,2019/06/26
710,Carol Gonzalez,female,70,East Andrewmouth-AK-31215,2004/09/30
714,Cathy Russell,female,60,Austinstad-VT-23273,2020/12/11
718,Ronald Whitney,male,69,Burkeside-KS-55803,2020/09/25
719,Christopher Walsh,male,19,Kellyport-NY-69846,2001/10/24
720,Jocelyn Russell,female,44,New Elizabethtown-DC-09706,2011/10/06
721,Amber Williams,female,33,Tateburgh-NY-14886,2003/03/24
722,Elizabeth Cook,female,34,Lindafurt-NV-48324,2007/05/30
729,Nancy Hunter,female,77,South Joseland-AZ-31525,2013/06/18
730,Joseph Petersen,male,70,Lake Michael-OR-93496,2013/07/29
731,Briana Riley,female,73,New Ethanmouth-TX-03903,2006/04/08
732,Keith Henry,male,24,New Danielleton-ID-99342,2007/12/25
733,Bradley Walker,male,33,South Mark-NE-62734,2001/01/19
734,Thomas May,male,65,Port Christianchester-IA-73846,2006/10/20
736,Courtney Stafford,female,73,Melissaberg-SD-81509,2006/05/28
738,Allison Gilmore,female,35,Edwardsburgh-ID-82577,2009/06/01
739,Mr. Michael Walls,male,70,East Jacqueline-HI-80857,2009/01/12
744,Brian Pierce,male,35,North Larry-NC-86281,2018/04/02
745,Patricia Mitchell,female,68,Nguyenmouth-SD-23452,2000/08/25
746,Andres Castro,male,29,Graveschester-ND-20537,2001/06/25
748,Cameron Pena,male,38,Jeremyburgh-KY-95372,2011/12/20
750,Phillip Mueller,male,72,Santiagofort-NC-25123,2012/07/27
752,Anna Davis,female,35,Judithburgh-MT-07260,2017/02/10
753,Vickie Hernandez,female,64,East Hollyburgh-TN-84450,2017/01/13
755,Kevin Mason,male,76,Juliaport-AK-14234,2003/03/14
757,Maria Wright,female,35,Cookmouth-DC-63490,2007/03/14
763,John Green,male,64,North Oscar-MA-35065,2017/03/11
765,Sharon Harris,female,62,Andrewsstad-GA-21178,2016/11/01
766,Steven Guzman,male,54,Lake Bonniehaven-VT-38161,2015/05/13
769,Andrea Jones,female,21,South David-MO-98206,2003/10/17
770,Christopher Hubbard,male,33,Herrerafurt-OH-41632,2002/12/25
772,Aaron Acevedo,male,31,Harrisfort-AR-95934,2016/12/21
778,David Sanchez,male,28,Davistown-DC-90872,2014/02/03
779,Laura Davis,female,52,South William-GA-59628,2004/09/28
780,Jessica Valencia,female,50,North Peterside-SD-56491,2010/10/09
782,Jessica Santana MD,female,71,West John-HI-03977,2016/07/27
786,Calvin Thomas DVM,male,71,New Anthony-ID-19551,2018/06/14
790,Todd Briggs,male,28,Lake Mckenzie-CO-04902,2020/04/26
793,Jacob Thompson,male,78,Gallagherfort-CT-77929,2008/09/23
797,William Carr,male,28,East Paula-UT-06595,2002/07/28
799,Chad Contreras,male,47,Joshuaville-WA-18109,2006/03/05
800,Scott Anderson,male,77,Ortegastad-HI-78379,2020/03/06
808,Bradley Warren,male,60,Lake Joshua-MT-70439,2007/06/28
812,Earl Watts,male,23,New Kathryn-IL-12838,2005/10/19
813,Kimberly Allen,female,77,Erikville-CT-43724,2004/01/16
815,Stephen Johnson,male,57,Stephenbury-AR-59428,2001/12/29
816,Sarah Fowler,female,42,Wrightfurt-ND-38406,2017/09/18
817,Charles Parks,male,42,New Laurashire-OR-97533,2002/11/16
818,Benjamin Martinez,male,57,Mariaburgh-MT-01065,2008/04/02
821,Amy Cortez,female,31,South Katelynton-OR-62816,2002/09/07
822,Michael Sellers,male,25,South Cherylbury-HI-24514,2002/03/10
823,Sara Bishop,female,62,South Williamview-WY-16434,2005/11/12
829,Tammy Gonzalez,female,46,Clayland-VT-37759,2017/01/23
833,Jane Shelton,female,71,Hillhaven-WV-65286,2002/01/03
834,Stacy Nichols,female,35,Kevinburgh-ND-63703,2016/12/17
835,Henry Osborn,male,56,Stephanieview-WI-61925,2003/06/12
838,Matthew Castro,male,65,Kennethburgh-OK-93031,2019/10/31
840,Katie White,female,24,Murphyview-CO-27745,2009/08/30
842,Derek Evans,male,45,South John-TX-51500,2014/01/29
843,Daniel Short,male,73,Huntville-NM-32818,2016/12/19
845,Christina Oconnor,female,25,New Charleneview-CT-61880,2017/03/27
846,Mark Little,male,48,Jessicaburgh-VA-09992,2004/08/12
847,Amy Taylor,female,28,Joetown-AZ-73859,2004/07/27
848,Kenneth Lewis,male,22,Diazland-WA-12115,2017/04/18
849,Jonathon Duarte,male,74,South Paulville-NH-68707,2012/09/22
850,Heather Sanchez,female,59,East Hannahshire-AR-44643,2012/04/16
852,Erica Snyder,female,41,Colleenmouth-PA-65432,2015/03/23
856,Adam Blevins,male,64,Bakerville-NC-73783,2006/10/08
859,Michael Tucker,male,48,Joshuabury-ME-16818,2015/05/30
862,Manuel Perez,male,27,Juanchester-WY-46365,2003/09/23
863,Christopher Day,male,65,North Annafurt-DE-43575,2006/05/06
868,Denise Byrd,female,20,Kingport-NC-89582,2002/03/31
872,Andrew Ramirez,male,58,Brandonport-HI-71413,2017/11/05
873,Michelle Zimmerman,female,74,Chasechester-NJ-24040,2011/05/20
875,Kristina Butler,female,20,Port Joseph-AL-33692,2010/11/20
876,Jill Atkins,female,64,Jennahaven-IL-50909,2009/05/11
878,Lisa Bonilla,female,18,Williamsland-KS-71973,2001/04/09
879,Katie Martinez,female,69,Michelleborough-LA-20136,2015/05/09
881,Mario Morales,male,63,Dixonfurt-MA-36486,2003/05/23
885,Michelle Boyd,female,35,New Thomas-ND-88317,2021/09/13
888,Kathryn Walker,female,78,New Johnburgh-NJ-90765,2009/09/04
889,James Peters,male,26,Erinmouth-AR-41141,2004/04/16
890,Ruben Lam DDS,male,39,North Toddton-AK-98336,2012/05/30
892,Caleb Bennett,male,67,Jonesshire-NJ-44258,2012/08/20
895,Heather Joyce,female,29,Port Anthonytown-IL-63917,2018/10/17
896,Kevin Williams,male,19,East Veronica-OK-82273,2011/06/07
898,Patrick Marquez,male,75,Tiffanytown-SC-64462,2010/04/07
904,Andrea Davidson,female,30,East Judychester-TX-97110,2011/06/03
905,Amanda Mendez,female,40,West Rebecca-ND-67089,2001/04/14
906,Alyssa Brooks,female,67,Danielleshire-NV-35846,2015/08/18
908,Tristan Jensen,male,39,Christopherberg-AL-38541,2006/07/07
909,Cheryl Rivera,female,20,West Thomasview-AZ-51244,2018/08/28
910,Hannah Bartlett,female,48,Aaronhaven-AK-71644,2003/06/29
911,James Hall,male,31,Adrianmouth-PA-48426,2009/04/28
914,Kristen Cardenas,female,80,Mcintoshshire-AZ-62044,2007/11/07
915,Terry Johnson,female,69,Port Nataliemouth-WI-30498,2020/07/20
917,Tracy Smith,female,55,Kennedyborough-MO-81686,2000/07/09
919,Kayla Hart,female,68,Arroyoberg-VT-90518,2016/09/03
924,Matthew Hammond,male,32,East Russell-CT-18358,2004/08/22
925,Austin Silva,male,60,Timothymouth-NV-23532,2002/08/02
926,John Bowman,male,19,East Donnaport-DC-98029,2014/05/29
930,Diana Pugh,female,64,New Allenmouth-VA-46372,2006/08/30
931,Michelle Foster,female,34,Emilyville-CO-94996,2001/05/06
932,Jennifer Mcdonald,female,28,Port Allison-NJ-32172,2011/02/11
934,Miss Sharon Anderson MD,female,49,South Amanda-CA-18019,2003/04/07
936,Kristina Washington,female,32,Ellistown-IL-89277,2011/09/11
942,Melissa Campbell,female,62,Townsendfort-MD-46859,2020/08/28
943,Brandy Barry,female,44,Port Emily-AZ-96547,2010/09/30
944,Benjamin Andrews,male,21,Susanbury-MA-97230,2006/05/03
947,Justin Taylor,male,51,Ryanville-SD-23060,2001/05/23
952,Ashlee Thompson,female,65,Gonzalezhaven-LA-35755,2015/11/20
953,Scott Herman,male,48,Cooperview-ID-22010,2019/12/30
957,Devin Patterson,male,53,Hudsonhaven-LA-20458,2016/09/15
959,Gregory Freeman,male,52,West Diana-NC-44492,2010/03/30
960,Elizabeth Kelley,female,42,Warnerfort-NH-43937,2021/04/30
962,Katherine Brock,female,71,Lake Cory-MN-46713,2018/11/30
963,Mrs. Kristin Simmons,female,27,Robertshire-HI-20160,2021/03/25
967,Anthony Hawkins,male,44,West Kristinbury-ME-24973,2002/02/11
969,Kristy Anderson,female,26,Michaelfurt-HI-38479,2000/09/01
971,Catherine Brown,female,30,Lake Joseph-NM-99135,2016/10/05
975,Mark Mendoza,male,43,West Juliemouth-NY-34891,2015/11/20
976,Douglas Hart,male,55,Jenkinshaven-AK-72602,2001/04/01
978,Ralph Ball,male,71,Julianshire-WV-10729,2019/09/05
979,Edward Jones,male,80,West Annfurt-MA-25816,2002/08/20
981,Joshua Mitchell,male,62,Maryport-OK-95214,2002/08/31
983,Harold Walker,male,25,South Stevenfort-FL-38503,2005/01/20
988,Marissa Cummings,female,37,Clarkberg-WY-29479,2003/12/27
994,Kristi Perry,female,64,Elizabethmouth-NV-66181,2021/03/18
995,Lisa Jacobs,female,31,Port Charles-OK-64370,2011/10/25
998,Ms. Candice Sims DVM,female,24,Marychester-CT-22544,2005/02/18
1005,Michael Adams,male,80,Port Jamiestad-TN-97778,2004/07/20
1008,Dylan Conner,male,30,Nicolestad-TN-41627,2018/11/01
1009,Christopher Brown,male,31,Sierramouth-SD-97506,2000/04/13
1010,Gregory Tucker,male,62,Bradfordmouth-OK-66307,2014/11/15
1012,Heather Nelson,female,71,East Karenshire-AR-25326,2000/12/16
1014,David Fernandez,male,24,Samanthachester-IA-67017,2004/01/31
1020,Carolyn Morrison,female,72,Port Joybury-ME-30001,2020/12/09
1021,Bryan Andrews,male,63,Lake Anthonyland-CA-31547,2017/11/24
1022,Scott Alvarez,male,59,Jefferyborough-AK-73762,2002/01/12
1025,Clinton Parsons,male,42,North Alex-AZ-14672,2008/12/06
1029,Barbara Harrison,female,20,Lake Jenniferfurt-AL-38649,2009/10/01
1032,Kimberly Warner,female,48,Lake Cristian-NY-78491,2006/05/25
1033,Mary Orozco,female,34,New Cynthiabury-CT-19358,2010/03/27
1035,Rodney Rowe,male,54,Schwartzbury-NJ-57325,2012/12/05
1036,Adam Peterson,male,69,Leahborough-CO-18344,2008/12/09
1037,Samantha Cummings,female,60,Lake Crystal-CT-36763,2016/04/01
1038,Jonathan Murphy,male,72,Port Jasonberg-NC-57014,2018/04/12
1039,William Cobb,male,55,Benjaminhaven-CA-54946,2004/12/05
1043,Tracy Wallace,female,55,Port Donna-WI-35577,2000/06/13
1051,Alyssa Anderson,female,38,Mckinneyberg-WA-81994,2020/04/10
1053,Gabrielle Bates,female,30,Kimberlyside-TX-04469,2013/11/14
1054,Grace Stewart,female,61,Williamstown-VA-71827,2014/01/27
1055,Megan Snyder,female,51,Crystaltown-MI-09102,2012/01/06
1056,Emily King MD,female,63,Williamsside-KS-10856,2000/10/23
1058,Jamie Hernandez,female,30,Howardview-AR-07077,2000/10/10
1064,Ashley Garcia,female,67,Brittanyhaven-ND-05287,2010/05/16
1066,Lynn Murphy,female,54,East Stephenmouth-MO-06057,2017/09/04
1069,Melissa Little,female,43,Youngmouth-CA-15651,2003/09/07
1070,Meredith Johnson,female,57,Lake Traviston-MS-90900,2015/10/22
1072,Jeremy Smith,male,43,South Lindsey-DE-70059,2021/02/07
1074,Ryan Fuentes,male,78,Lake Crystal-KS-56731,2014/02/03
1076,Rebecca Dillon,female,80,Phillipsmouth-IL-47219,2007/08/11
1080,Brian Martin,male,51,Taylorstad-CO-18953,2011/01/18
1081,Victor Williams,male,37,Port Mark-ND-30135,2008/04/23
1084,Samantha James,female,67,New Carrieport-TN-73608,2006/07/23
1085,Albert Miller,male,54,North Jenniferburgh-AR-57615,2007/10/05
1091,Melissa Barnes,female,68,South Rickytown-NY-43770,2005/05/22
1093,Eric Knight,male,27,North Stacyport-AR-21552,2009/05/07
1095,Nicole English,female,39,South Teresa-MO-92066,2007/08/08
1097,Daniel Pearson,male,20,Cookmouth-TX-58450,2008/11/17
1098,Paige Becker,female,66,Santiagomouth-NE-38485,2021/07/20
1100,Jason Saunders,male,70,East Crystalview-GA-42357,2004/09/16
1102,Jennifer Cox,female,25,North Elizabeth-VA-60538,2017/01/10
1104,Brian Brooks,male,22,West Anthony-SC-22405,2004/12/24
1107,Amy Fisher,female,46,Williamsberg-NJ-54573,2005/01/30
1108,Daisy Thomas,female,52,East Johnmouth-UT-23396,2010/04/26
1110,Jennifer Juarez,female,39,Jenningsport-IA-89753,2001/11/15
1111,John Gonzalez,male,56,West Thomasbury-CO-27187,2005/09/10
1113,Catherine Carrillo,female,69,Lake Renee-TX-24040,2013/05/14
1114,David Bell,male,56,Smithbury-MD-94241,2014/07/20
1116,Kimberly Watkins,female,73,Lake Stephaniemouth-IL-32114,2016/05/05
1120,Cheyenne Lawson,female,51,East Kristinaland-FL-38640,2020/07/14
1122,Carolyn Lopez,female,39,West Steven-MI-13369,2005/01/22
1123,Dr. Charles Rivas Jr.,male,65,North Victor-TN-19072,2006/10/15
1124,Hannah Williamson,female,80,East Sarahaven-KS-73080,2004/04/13
1125,Matthew White,male,32,Lake Elizabethport-NY-04697,2013/01/02
1129,Jamie Hill,female,22,South Helen-ME-63593,2020/11/17
1131,John Horton,male,78,Carolshire-LA-79729,2003/11/30
1133,Holly Clark,female,46,Josephshire-AZ-76321,2013/09/01
1134,James Wallace,male,53,Ericaton-MI-67529,2000/12/18
1140,Michelle Austin,female,50,Welchberg-WV-32968,2015/01/24
1141,Todd Diaz,male,38,East Paul-MS-32168,2011/08/16
1142,Wyatt Ross,male,73,Paulbury-NE-09881,2007/05/26
1143,Mary Foster,female,44,Webbborough-AR-87545,2003/01/02
1144,Crystal Tapia,female,29,North Lisaborough-CT-89350,2005/06/14
1149,Michael Sanchez,male,65,North Loriborough-WA-75286,2001/08/29
1151,Mary Mckinney,female,27,Codyshire-NM-81703,2019/03/01
1156,Olivia Dickson MD,female,78,East Beverlymouth-MA-88196,2004/04/24
1157,David Wilson,male,18,Payneview-WV-40746,2008/04/13
1158,Walter Andrade,male,72,Kathleenhaven-MA-18480,2015/08/31
1161,Linda Allen,female,75,Port Hannahborough-WA-09231,2019/02/15
1162,James Jacobson,male,57,Kathrynmouth-IN-26731,2010/02/19
1164,Nathan Gibson,male,59,Timothyville-TX-77797,2002/01/25
1165,Roberto Santiago,male,51,New Amymouth-LA-32701,2016/07/16
1168,David Castaneda,male,36,Sextonshire-TX-51651,2020/10/14
1170,Scott Cooper,male,76,Port John-TX-70280,2013/02/02
1172,Jessica Garcia,female,45,Charlesfurt-DC-20611,2018/09/01
1173,Rebecca Miranda,female,42,Port Leahborough-DC-62529,2011/10/11
1175,Mark Clements,male,31,West Katherineberg-MD-48545,2004/11/22
1180,Felicia Huffman,female,77,South David-NM-65333,2001/07/03
1184,Dawn Horton,female,44,North Nicole-SD-88999,2000/03/05
1187,Madison Stewart,female,58,South Tammyhaven-IN-26294,2008/08/07
1194,Darren Potter,male,60,Molinahaven-HI-88136,2001/01/19
1196,Dustin Rogers,male,52,Smithview-ME-56603,2002/07/05
1198,Albert Sims,male,65,South Brandonchester-WI-99408,2016/05/13
1206,Robert Roberts,male,23,Erikachester-RI-78699,2007/05/22
1210,Elizabeth Day,female,65,Burkebury-WI-14576,2003/02/16
1212,Jennifer Abbott,female,37,Williamsonshire-NJ-61030,2013/09/07
1215,Daniel Morris,male,30,Mariaton-GA-31289,2018/10/28
1220,Debra Allen,female,53,Jacobmouth-IN-55498,2016/08/08
1223,Ryan Campbell,male,78,North Calvin-ID-81247,2010/03/15
1229,Mark Mcguire,male,68,West Christian-TX-79147,2020/09/10
1230,Keith Klein,male,20,Lake Jacqueline-CT-30728,2004/10/05
1238,Jamie Hamilton,male,52,Matthewchester-WI-17123,2017/12/16
1239,Dennis Kim,male,66,Scotthaven-AL-42712,2011/03/22
1243,Richard Smith,male,59,North Stephen-KY-28643,2017/03/12
1246,Anthony Callahan,male,41,New Taylorfurt-GA-58997,2007/05/26
1248,Jennifer Scott,female,31,Carlosville-WI-68232,2020/04/14
1256,Catherine Gill,female,78,Russellland-VT-16000,2009/12/31
1258,Crystal Smith,female,39,Sarafort-VA-28709,2005/11/04
1260,Jennifer Henry,female,18,New Isaacborough-KS-58255,2004/04/06
1266,Jessica Hunt,female,51,North Heiditon-FL-06651,2002/07/12
1267,Kimberly Lewis,female,25,Kevinside-MT-81146,2020/09/24
1268,Isaac George,male,19,East Tara-OK-29474,2014/12/12
1270,David Bell,male,77,New Sean-CT-55698,2009/08/04
1271,Patricia Ward,female,35,Frymouth-KS-73555,2000/06/20
1274,Joshua Torres,male,59,Michaelville-IL-76661,2002/11/05
1275,Gabriella Garcia,female,65,Karenshire-CT-49877,2006/12/12
1277,Kristy Jones,female,56,Marvinchester-NJ-05361,2021/07/27
1281,Joshua Fitzgerald,male,35,Berrymouth-UT-62228,2017/07/09
1282,James Pierce,male,55,West Patricia-OR-72018,2004/10/10
1286,Heather Blackburn,female,73,East Amyburgh-KS-14647,2004/01/31
1290,Gregory Taylor,male,50,South Michelle-OK-93325,2011/08/31
1291,Steven Murphy,male,52,Mercertown-MI-98856,2009/11/13
1292,Jordan Green,female,33,Serranomouth-NH-33348,2000/10/09
1295,Tony Eaton,male,32,Lake Heather-NE-21827,2001/11/06
1296,Karen Smith,female,20,West Benjaminfort-UT-90499,2001/03/15
1297,Kristen Rivera,female,53,North Robinburgh-MT-82449,2007/01/11
1298,John Garcia,male,24,Cameronville-NM-84397,2017/03/26
1304,Eric Austin,male,74,New James-UT-83306,2003/12/06
1306,Rachael Burns,female,32,West Richardbury-IN-21517,2002/07/21
1308,Jason Davis,male,75,North Nathanielville-CO-60867,2005/04/08
1309,Cody Harvey,male,34,Katherineton-AZ-61068,2008/02/12
1310,Austin Clark,male,28,Cooleyborough-AZ-20494,2006/11/09
1317,Jacob Nelson,male,70,Torreschester-OK-72371,2001/11/03
1321,Tina Walker,female,34,East Josephburgh-MI-26302,2002/08/20
1323,Jonathan Brown,male,35,Torresville-PA-36789,2002/03/12
1324,Dr. Carl Manning PhD,male,52,Port Gary-ND-32878,2020/03/15
1326,Tyler Salas,male,52,South Melissa-WA-46112,2005/04/03
1328,Lindsay Salazar,female,36,East Lisa-LA-97937,2010/10/29
1331,Amy Jackson,female,48,South Laura-TN-27006,2010/07/01
1332,Gregory Smith,male,53,Wilsonfurt-CA-47622,2019/01/25
1334,Brandon West,male,46,Christophermouth-AL-88671,2016/05/14
1335,Shawn Vaughn,male,56,Port Melissa-GA-90919,2004/04/10
1338,James Berger,male,35,Andrewfurt-NJ-02947,2012/11/18
1339,Donald Vazquez,male,58,Lake Johnstad-IL-51660,2007/10/05
1345,Lauren Bates,female,29,Miaside-ND-42803,2008/05/29
1353,Tammy Schultz,female,63,New Mary-WA-06949,2020/11/25
1355,Michael Howard,male,51,Ericaberg-WY-60579,2017/01/20
1356,Katherine Bell,female,75,New William-VT-54932,2001/05/19
1357,Danny Holmes,male,19,Michaelfurt-DC-79497,2021/06/03
1359,Frederick Fitzgerald,male,45,Olsonbury-NE-66287,2002/10/22
1362,Kyle Salazar,male,21,South Elizabeth-NC-44901,2004/05/20
1363,Tommy Hopkins,male,74,Myershaven-NM-46304,2016/01/23
1365,Anita Edwards,female,48,West Karenbury-MD-15755,2006/03/27
1366,Michael Ortiz,male,35,West Dana-MD-96379,2012/05/20
1368,Daniel Mccullough,male,79,Pattersonchester-KS-30123,2007/07/10
1370,Joshua Rodriguez,male,51,East Ashlee-WA-00634,2008/04/05
1372,Michelle Warren,female,35,Ramseyland-VT-01915,2014/03/06
1375,Sandra Chapman,female,60,West Lisa-CT-12226,2001/03/23
1376,Samantha Gonzalez,female,40,East Andreabury-GA-53776,2000/04/04
1378,Jeff Greer,male,33,North Christine-TX-76859,2019/02/04
1380,David Gonzalez,male,45,North Kellyport-AZ-69205,2019/07/15
1381,Patricia Hayes,female,79,Eddieland-IA-67609,2010/12/02
1382,Amy Martinez,female,18,Mayoborough-MI-34741,2020/09/11
1387,Nicholas Ellis,male,73,Markville-ID-39193,2013/12/15
1388,Kathleen Mcintyre,female,58,Perkinsland-GA-77642,2015/05/06
1389,Jasmine Sanchez,female,66,Adamston-MO-59224,2000/08/19
1391,Jennifer Watson,female,36,New Christopher-TX-43060,2015/11/16
1392,Timothy Scott,male,71,Gregorychester-IA-60570,2011/08/13
1395,Mr. Adrian Klein,male,26,Lake Victoria-ND-84874,2021/02/02
1396,Lori Donaldson,female,30,Andrewside-VA-45614,2014/08/13
1397,Ricky Anderson,male,68,Williamschester-SC-53042,2014/09/19
1401,James Powell,male,75,Nancybury-CA-13751,2001/02/20
1405,Valerie Farley,female,78,Rodriguezfort-FL-92316,2004/08/26
1408,James Hunter,male,77,Port Cheyenne-MI-62172,2019/12/29
1409,Ricky Tran,male,58,Michaelchester-MD-83506,2019/03/03
1412,Timothy Sawyer,male,27,Jacksonville-TX-22113,2017/04/27
1414,Ashley Campbell,female,37,Garyland-TN-06066,2017/01/28
1415,Ryan Woods,male,26,Welchmouth-GA-91210,2004/08/11
1416,Danny Perez,male,74,Ortizchester-AL-93405,2005/12/05
1418,Wayne Johnson,male,63,Ashleyfort-GA-85608,2016/08/07
1419,Douglas Warren,male,32,West Davidfort-KY-87939,2010/11/07
1420,Phyllis Salinas,female,42,Clarkton-VT-39942,2000/09/22
1422,Holly Smith,female,54,East Shelley-ID-60098,2002/12/30
1425,Heidi Rodriguez,female,50,Port James-WI-46831,2013/03/31
1427,Jenna Lang,female,80,Williamsport-ME-87228,2014/10/21
1429,Alexandra Simon,female,57,Port Justinmouth-SC-71023,2012/01/06
1432,Nicholas Horton,male,37,Jenniferfort-KS-25302,2019/10/05
1433,Leah Lynn,female,39,Andrewview-NY-30261,2004/01/06
1434,Michael Clarke,male,26,Shawnville-MS-66219,2007/12/11
1436,Raymond Pugh,male,58,Greenland-NE-81798,2017/03/19
1440,Corey Campbell,male,67,Cruzstad-KY-98814,2021/05/28
1443,David Perez,male,68,West Leslie-MN-21126,2009/01/10
1444,Joshua Watson,male,54,Lake Matthewfort-WI-98823,2006/04/16
1446,Nancy Lane,female,18,Codytown-OK-01198,2006/05/25
1449,Joyce Robinson,female,37,North Peter-NH-40020,2017/11/17
1451,Jerry Terry,male,18,Port Davidfort-CO-16912,2015/07/01
1453,Amber Jones MD,female,73,Louisstad-UT-47964,2004/01/17
1457,Gregory Lee,male,80,New Susan-TN-89248,2004/05/27
1458,Kristen Simon,female,38,Kennethmouth-IA-76983,2000/04/19
1459,Sarah Goodman,female,41,East Jenniferville-MI-98218,2012/06/24
1460,Benjamin Williams,male,40,West Christina-MI-24876,2008/06/18
1461,Benjamin Ramirez,male,61,Karenborough-DC-78455,2009/10/30
1462,Donald Jones,male,26,West Alexton-MO-75560,2005/07/04
1464,Elizabeth Johnson,female,58,New Lauraberg-WI-28834,2010/08/06
1465,Denise Gonzalez,female,25,Lake Eric-AZ-31129,2003/05/18
1470,John Estrada,male,32,North Angela-DC-83689,2008/06/06
1473,Henry King,male,56,North David-VT-18903,2013/10/18
1474,Kevin Lewis,male,38,Robinshire-AR-60075,2013/03/16
1475,Michelle Sharp,female,80,Isabellashire-NE-58422,2013/08/23
1481,Joseph Stewart,male,46,Dudleyside-MI-81831,2015/08/23
1483,Karen Sandoval,female,43,Port Alexis-GA-49404,2006/09/07
1490,Jack Jordan,male,27,Jenkinshaven-TX-15104,2003/12/22
1493,Victoria Mcintyre,female,39,North Michelleview-VA-13908,2007/11/06
1495,Andrea Padilla,female,36,Wisefurt-HI-54501,2014/06/25
1498,Matthew Foster,male,73,Lake Andre-AK-65233,2004/05/07
1499,Scott Hernandez,male,28,Lake Anthonyborough-NC-42263,2010/03/15
1502,Donna Wilkerson,female,79,North George-MD-97605,2018/07/21
1509,Alison Combs,female,63,Jenniferchester-AZ-29279,2005/01/07
1510,Heather Thomas,female,36,Rebekahbury-CO-30279,2000/11/16
1511,Bryan Gordon,male,28,Kyleshire-HI-99155,2019/08/09
1512,Jennifer Miller,female,21,Meyerschester-CT-49570,2007/03/12
1513,Sandra Phillips,female,39,Williamburgh-VT-01892,2002/08/28
1517,Andrew Nelson,male,73,Yateshaven-UT-50121,2005/05/09
1523,Ruben Hernandez,male,54,South Davidberg-CT-86111,2014/12/12
1524,Christopher Leach,male,32,Bridgesport-NH-37830,2018/03/26
1532,Crystal David,female,41,West Stephanieberg-AR-18497,2013/01/24
1534,Heather Rodriguez,female,39,North Carlos-WV-82926,2006/02/04
1539,Mark Hutchinson,male,63,South Thomasbury-ND-10763,2013/08/10
1540,Alexander Cooper,male,42,Bennettport-MN-38411,2002/06/20
1541,Melissa Pierce,female,29,New Sarah-TN-99749,2021/03/12
1542,John Rice,male,76,Leslietown-IN-92957,2000/11/19
1543,Tyler Morton,male,65,Cunninghamton-CT-02297,2019/03/21
1546,Jeffrey Burns,male,74,Pamelastad-DC-18184,2006/07/25
1549,Heather Howard,female,32,Thompsonfort-ID-25966,2015/07/29
1551,Carrie Wilson,female,41,Rileytown-DE-81442,2013/02/10
1553,Nicole Douglas,female,69,New Brian-NC-22085,2017/02/04
1556,Erica Simon,female,50,New Michael-WY-82140,2000/09/23
1557,Maria Morris,female,50,New Tammiechester-MA-31070,2016/11/26
1559,Sara Charles,female,43,North Brendafurt-IN-01142,2005/05/24
1562,Ryan Moreno,male,71,East Megan-WI-62549,2011/12/24
1563,Robert Delacruz,male,42,East Richard-FL-23201,2007/07/09
1565,Vincent Garcia,male,37,Donaldmouth-CA-04652,2013/03/08
1568,Matthew Barker,male,31,West Danielburgh-CA-78692,2006/04/15
1570,Valerie Green,female,48,East Tonyahaven-LA-99145,2020/01/02
1571,April James,female,35,Taraberg-MS-59842,2017/09/05
1573,Kenneth Phillips,male,40,Elizabethton-IN-39537,2014/01/25
1574,Monica Russell,female,66,Port Bryce-AZ-16076,2005/02/27
1575,Linda Phelps,female,51,West Gary-SD-99878,2010/06/28
1576,Todd Hensley,male,71,New Anthonyton-AL-22183,2001/07/19
1579,Linda Davis,female,63,North Kirk-OH-06005,2018/11/04
1582,Michelle Rodriguez,female,67,Johnsonville-IL-45714,2018/10/17
1587,Patrick Petty,male,67,New Danielle-PA-29414,2016/08/25
1590,Lindsey Hunter,female,56,Crawfordstad-MT-91878,2021/09/25
1591,Angela Baker,female,68,Terryburgh-VT-22457,2007/04/21
1593,Susan Kramer,female,25,South Michael-TX-65274,2017/02/27
1597,Stephanie Blair,female,38,Cervantesview-NC-60480,2002/12/31
1598,Steven Harris,male,72,Hamiltonfort-AL-07644,2015/02/06
1599,Bonnie Frazier,female,80,East Michelle-MO-27590,2019/03/06
1600,Kathy King,female,74,East Chad-NJ-78086,2008/11/14
1601,Joanne Wolfe,female,48,Port Ronald-AK-85919,2005/06/30
1606,Lindsay Marquez,female,65,Moralesmouth-UT-46403,2003/09/24
1611,Amy Robinson,female,75,South Chasechester-MI-04332,2016/02/27
1618,Ariel Soto,female,38,North Jamesburgh-NC-23412,2000/12/15
1622,James Lang,male,67,East Christopher-NH-87297,2011/06/24
1627,Deborah Walls,female,45,Longchester-GA-93157,2011/04/04
1629,Jeffery Maynard,male,80,South Meredith-IA-34509,2006/01/03
1630,Matthew Carter,male,26,West Jonathan-IL-15748,2007/02/11
1631,Jared Shepherd,male,21,Lake Dennisberg-MT-04138,2010/08/18
1634,Robert Green,male,60,South Matthew-RI-58831,2007/04/05
1642,April Barnes,female,71,Gonzalesshire-CT-43165,2013/02/14
1645,Donna Nguyen,female,44,Stephaniechester-MA-04737,2007/12/04
1646,Ashley Long,female,36,Davisburgh-RI-86982,2000/04/24
1647,Ashley Alexander,female,76,Lewisfurt-CO-62556,2013/07/14
1648,Joseph Spencer,male,80,New Daniel-NJ-32303,2010/04/06
1650,Mark Schultz,male,79,New Paulhaven-IA-42981,2008/01/04
1652,Marcus Bruce,male,22,Carrollshire-SC-51685,2001/10/11
1653,William Powers,male,59,Lake Larryberg-NY-84220,2018/03/01
1655,Sandra Williams,female,36,East Yvette-OH-41031,2016/03/05
1657,Carrie Cox,female,50,West Austin-MS-91929,2019/02/09
1658,Angela Williams,female,54,Danielland-NM-04630,2006/11/18
1663,Breanna Burnett,female,48,South Kimberly-CA-09537,2003/12/12
1664,Wesley Brown,male,57,East Linda-NC-98685,2005/05/09
1667,Brenda Armstrong,female,46,Gilmoretown-OH-98824,2000/12/17
1668,Ricardo Rocha,male,50,Barberfurt-AL-84174,2014/10/14
1671,Vincent Estrada,male,27,South Megan-KY-17366,2012/04/25
1674,Timothy Williams,male,45,Connershire-MO-71711,2002/01/25
1678,Derrick Dominguez,male,37,Smithberg-AL-99633,2013/12/25
1679,Janice Mccann,female,39,East Shannonborough-OR-83225,2015/04/16
1680,Megan Walton,female,26,Mendezshire-CA-55590,2013/10/29
1681,Rebecca Patel,female,30,Port Michael-WV-84782,2006/08/16
1682,Bradley Flores,male,34,Lake Mary-NM-82543,2010/03/31
1687,Bridget Wilson,female,35,Port Jennifer-NV-59058,2021/05/26
1690,Traci Green,female,37,North Michealhaven-NJ-07062,2014/05/29
1691,Paul Chen,male,47,South Brandon-AL-53020,2013/12/31
1694,Carol Roman,female,71,West Tracyburgh-OK-56479,2011/07/08
1701,Susan Baird,female,37,New Carol-NV-01783,2004/09/15
1704,Jennifer Walters,female,58,Valerieview-GA-09192,2013/11/11
1705,Cameron Cooper,male,31,Johnsonside-AK-18783,2011/12/24
1706,Robert Shaw,male,78,North Michael-VT-47300,2013/08/25
1707,Michael Hunt,male,39,Floresmouth-KY-86932,2007/06/23
1708,Thomas Smith MD,male,52,Barbaratown-IN-59926,2017/11/01
1709,David Duran,male,79,East Robertport-SC-72048,2013/02/03
1710,Lacey Carter,female,59,East Ginaton-VT-22087,2003/01/29
1711,Casey Miller,female,57,Andersonfurt-IA-15267,2011/01/07
1714,Robert Smith,male,40,East Melissaside-DE-00795,2002/08/16
1716,Betty Page,female,51,West William-IA-28041,2019/07/04
1717,Nicole Smith,female,78,Cameronhaven-VT-15648,2011/09/28
1718,Misty Vasquez,female,71,Ochoastad-IN-60213,2009/03/31
1721,Jesus Pennington,male,49,North Sharonview-RI-73031,2013/10/04
1724,John Parrish,male,61,South Diamondstad-NJ-16992,2014/02/20
1725,William Lester,male,73,Lake Jameston-WA-34823,2020/12/31
1728,Jennifer Casey,female,70,Theresabury-TN-05417,2013/03/01
1730,Mrs. Lisa Park,female,22,Donnahaven-IN-43495,2007/10/03
1734,Jose Williams,male,37,Christianhaven-NV-93349,2010/04/08
1735,Craig Haas,male,68,Garrisonmouth-NV-05437,2013/08/28
1740,Michael Morris,male,61,Carlfort-HI-63682,2008/08/28
1742,Lindsey Wallace,female,78,Shannonbury-LA-46837,2014/01/29
1743,Carol Johns,female,29,Kramertown-AK-34863,2003/11/26
1745,Angel Jackson,male,45,Matthewland-MT-51145,2000/01/31
1755,Daniel Carpenter,male,52,Angelamouth-MD-46028,2020/11/11
1758,William Green,male,68,Josephberg-NE-31674,2018/10/17
1773,Brandy Ball,female,69,West Crystal-KY-53541,2006/11/09
1775,Billy Foley,male,23,West Anna-VT-90674,2010/11/25
1776,Jacob Roberts,male,41,South Raymondmouth-NE-24245,2004/05/29
1779,Tracy Johnson,female,27,Kyleport-WA-74659,2005/03/17
1780,Kenneth Bishop,male,46,East Rachel-CA-37246,2011/09/01
1787,Donna Pittman,female,29,Knightberg-NY-74687,2020/11/09
1788,Norman Lopez,male,70,Robinsonfort-KS-56005,2013/09/05
1790,Lucas Jones,male,75,New Philip-ME-25466,2016/07/10
1792,Eric Terry,male,52,Mcknighttown-HI-70278,2019/07/21
1793,Jonathan Davis,male,77,North Jeanne-ID-74822,2011/05/13
1801,Rachel Lewis,female,40,New Kimberlyshire-PA-31209,2014/08/21
1802,Thomas Gutierrez,male,40,Kingmouth-KS-05682,2015/06/03
1804,David Douglas,male,26,Camachoshire-CT-52129,2019/08/23
1806,Richard Howe,male,19,Lake Lauraland-AR-79003,2018/09/26
1809,Ricky Burch,male,29,Joshuaview-UT-95478,2008/11/10
1810,Justin Moore,male,43,West Karlaland-IN-96766,2010/03/22
1811,David Watson,male,66,Lake Melissa-VA-68407,2004/12/31
1812,Kelly Finley,female,53,Leonardville-DE-65089,2008/07/27
1822,Krystal Kelly,female,45,Lake Sheri-GA-26823,2019/05/25
1823,Judy Bryant,female,61,Jasonhaven-NC-72305,2005/11/27
1826,Abigail Johnson,female,26,West Garychester-OH-37343,2019/02/17
1827,Kevin White,male,48,Hurleystad-RI-28503,2016/06/11
1829,Phillip Freeman,male,60,Lake Jessica-MN-87745,2004/01/06
1830,Melissa Sims,female,24,East Megan-KS-89932,2014/06/22
1832,Ashley Mora,female,67,Wallsstad-VT-19212,2017/06/03
1833,Kerry Mata,female,52,East Laura-NY-05408,2016/07/19
1836,Taylor Watkins,female,31,New Karen-MN-02008,2002/10/10
1841,John Caldwell,male,65,Stevenshire-IA-80600,2013/12/25
1843,Robert Gates,male,67,Ryanville-OR-72972,2007/06/06
1844,James Andersen,male,40,Port Valeriemouth-TN-51997,2018/06/15
1845,Stephanie Woodward DVM,female,34,East James-NJ-87013,2015/02/05
1846,Austin Johns,male,34,East Julie-NH-66490,2007/08/21
1847,Debra Simpson,female,56,North Donnahaven-NJ-14557,2021/02/23
1852,Jerry Kramer,male,25,Lake Chadside-MI-17605,2012/07/26
1857,Kathy Watkins,female,73,Clarkport-CA-68725,2017/08/20
1860,Frank Browning,male,28,Wellschester-IA-21088,2020/06/13
1861,Ashley Joseph,female,24,Stonehaven-WY-43735,2009/08/06
1865,Gregory Hawkins,male,60,Lake Joseph-MT-52963,2004/02/16
1866,Monique Roberson,female,30,Daniellestad-NV-56070,2003/01/27
1867,James Thomas,male,51,East Karen-IA-27903,2019/08/01
1869,Brandy Leonard,female,43,North Rebecca-OK-31313,2017/07/30
1872,Kelly Jackson,female,44,Port Erika-MA-78081,2002/04/03
1878,Michael Downs,male,50,Jenkinston-OK-18877,2013/01/27
1880,Benjamin Baird,male,53,South Matthewstad-VA-73417,2015/04/11
1882,Michael Holloway,male,38,Walkershire-WI-01286,2020/07/26
1885,Julie Richards,female,18,Lake Rachelside-CT-26133,2018/03/10
1886,Michelle Watkins,female,29,Smithtown-HI-21479,2016/04/09
1887,Andrea Hartman,female,58,Karenmouth-MN-95314,2016/07/06
1888,Timothy Williamson,male,48,West Justinberg-IL-73742,2008/09/09
1889,Henry Edwards,male,73,Rosehaven-MA-27966,2017/09/06
1890,Brian Lee,male,18,Markfurt-WI-03789,2011/05/13
1891,Meghan Leon,female,40,East Dustin-KS-02364,2016/01/30
1892,Desiree Browning,female,46,Port Margaretmouth-ND-62469,2021/05/29
1893,Jessica Crosby,female,30,North Jennifer-TX-39433,2006/03/05
1898,Jake Coffey,male,65,Brownside-AK-06510,2021/01/24
1901,Chris Williams,male,33,Theresafort-AL-92466,2013/10/31
1902,Fernando Coleman,male,20,Davidville-ID-61796,2020/06/06
1904,Marcus Thompson,male,27,Michaelberg-KY-19617,2017/12/07
1905,Alexandra Wheeler,female,52,Lorrainefurt-CT-76335,2006/04/14
1907,Amy Chen,female,40,Scottview-MD-14836,2011/10/26
1908,Thomas Chapman,male,59,Smithport-DC-19050,2007/06/29
1915,Cesar Byrd,male,66,Owenville-OH-15221,2020/03/18
1925,Shawna Best,female,53,North Michaelmouth-SC-24919,2018/06/13
1927,Theresa Wright,female,38,West Michaelview-OH-78798,2001/09/20
1929,Jonathan Schaefer,male,38,Samanthashire-ID-54197,2014/10/23
1930,Melissa May,female,22,Sharonberg-HI-66253,2005/06/25
1935,Emily Salinas,female,73,Port Alyssaton-WA-02390,2014/04/16
1936,Steven Anderson,male,78,Lake Timothytown-UT-23567,2009/07/25
1939,Ray Huerta,male,66,Jenniferview-FL-96893,2019/10/06
1940,Carrie Moore MD,female,66,Charlesmouth-NY-79165,2021/02/08
1945,Jeremy Hudson,male,63,West Timothymouth-NC-15353,2006/10/28
1947,Andrew Brown,male,80,East Jenniferburgh-AL-21430,2016/10/27
1948,Matthew Jones,male,36,Jonesland-WV-65341,2007/06/13
1949,Kelsey Stanley,female,19,Turnerport-MI-96076,2016/06/30
1950,Frank Benson,male,33,Lake Markton-CT-05900,2007/04/05
1953,Kathleen Brown,female,39,Huntburgh-WI-42627,2007/08/02
1954,Meghan Rodriguez,female,27,South Danielport-GA-93896,2001/06/29
1955,Kimberly Bush,female,42,Seanport-WV-12711,2000/08/11
1956,Anita Bell,female,62,Jamiemouth-NE-93163,2002/07/11
1962,Sarah Wilson,female,62,South Teresa-ID-26908,2003/03/31
1963,Thomas Romero,male,55,Griffinfurt-OK-55369,2016/10/09
1968,Sarah Stokes,female,33,North Dakota-OR-45403,2003/04/15
1972,Nicole Powell,female,39,Sharonland-ID-75259,2009/03/23
1973,Michael Rios,male,74,Tonyaville-MI-04470,2011/10/23
1980,Dr. Desiree Reynolds,female,79,South Edward-DC-70998,2006/05/27
1982,Sarah Morrison,female,42,East Randallview-DC-82041,2013/09/27
1990,Kathryn Caldwell,female,28,South Jeremy-CT-08131,2010/12/05
1991,Tony Rodriguez,male,76,Bradfordfurt-NE-14445,2012/01/04
2000,Christopher Steele,male,21,South Blake-MO-39527,2001/02/16
2004,Brooke Simon,female,40,Vaughnville-OR-08100,2000/10/13
2007,Benjamin Bennett,male,50,North Meganstad-MS-55405,2000/01/13
2009,Heather Dalton,female,27,Spearshaven-NC-56543,2003/03/08
2013,Lindsey Gibson,female,53,New Jake-IN-98853,2000/12/11
2015,Alexander Evans,male,65,New Johnfort-WY-24550,2008/02/22
2016,Melissa Brown,female,39,East Melissa-NH-53723,2014/10/02
2018,Isaiah Thomas,male,54,Jennatown-NY-54523,2010/02/06
2022,Derek Swanson,male,76,Lake Leah-NC-20423,2017/11/21
2023,Melissa Barnes,female,67,New Shari-AK-07767,2002/12/07
2026,Erica Mendoza,female,40,New Lisaville-MS-30457,2017/10/22
2027,Derrick Alexander,male,57,Maryville-WI-51713,2012/05/12
2030,Olivia Young,female,21,Ericchester-AL-17353,2019/12/18
2031,Glenn Simon,male,29,New Dwayne-WV-19864,2004/02/08
2033,Sara Jones,female,77,Shawbury-FL-01569,2016/04/12
2034,Anthony Williams,male,30,Lucasburgh-NH-40457,2018/09/11
2038,Mrs. Jessica Rodriguez,female,36,Paulhaven-HI-11279,2001/10/19
2040,Pamela Gonzales,female,38,Robertsburgh-SD-07111,2000/03/06
2041,Shelby Velasquez,female,66,Myershaven-WV-21824,2020/02/16
2044,Leah Fernandez,female,74,Russellstad-MI-31632,2004/07/02
2045,Crystal Johnson,female,60,Mikeview-OK-47209,2015/11/20
2048,Rachel Hernandez,female,25,Hunttown-WY-13525,2013/06/07
2051,Sara Rojas,female,53,Port Rebekah-ID-86390,2000/09/11
2052,Kenneth Harris,male,53,Baileyland-RI-54668,2019/01/18
2056,John Cole,male,59,Henrybury-IA-08018,2015/06/14
2060,Richard Hansen,male,64,Frankburgh-NY-03733,2011/07/01
2061,Joseph Rhodes,male,58,North Stephanieside-NH-97941,2009/09/23
2066,Danielle Lopez,female,53,Walkerport-MT-52417,2000/04/04
2067,Christine Scott,female,29,Michaelside-AK-42883,2001/08/11
2068,Trevor Mccoy,male,47,Smithborough-IA-49201,2018/10/07
2069,Timothy Ortiz,male,60,Hayesstad-IN-83586,2007/08/12
2070,Jeffrey Washington,male,26,Lake Jamesstad-MT-36647,2002/08/07
2071,Mackenzie Davis,female,29,Maryview-MD-71345,2002/07/23
2077,Tracy Mccoy,female,26,East Scott-GA-23950,2020/07/31
2078,Regina Lopez DVM,female,36,Port Debraburgh-SC-54773,2005/08/17
2079,Dawn Sanchez,female,66,Brianmouth-WV-69096,2007/09/08
2084,Jeremy Robinson,male,32,East Nicoleborough-NM-38533,2015/02/20
2087,Michael Knight,male,54,East Angelica-WI-74886,2020/11/28
2088,Mark Reid,male,36,Fergusonland-NH-88375,2001/01/02
2089,Andrea Mathews,female,53,Stevenmouth-ME-97037,2005/08/25
2090,John Harris,male,25,West Alexa-CO-88043,2011/12/30
2091,Christine Zimmerman,female,71,Harrischester-FL-19378,2009/05/16
2093,Ashlee Joyce,female,39,West Christopherview-MA-10989,2004/03/26
2094,Eric Chavez,male,55,Lake Brandyhaven-ID-09391,2019/09/22
2095,Maxwell Anderson,male,29,South Kari-VA-02884,2018/10/17
2096,Tim Mitchell,male,78,New Wesley-SD-35343,2009/04/16
2100,Curtis Kim,male,40,Mollyside-GA-14921,2004/04/09
2102,Carrie Harrington,female,49,Thompsonfurt-IA-07257,2016/11/06
2103,Ryan Horne,male,18,Guerrerotown-ME-91454,2016/12/30
2104,Jean Huynh,female,59,West Markbury-WY-59800,2006/01/27
2106,Eric Bowen,male,77,West Shelly-IA-02949,2012/12/11
2110,Barbara Stephens,female,43,Debbiehaven-IL-33216,2000/09/01
2112,Amber Sanders,female,79,Ortizburgh-CO-24320,2016/03/12
2116,Breanna Smith,female,66,North Kristenfort-CA-59365,2021/08/21
2117,Randy Smith,male,37,Nicholasstad-MA-18204,2012/05/18
2118,Lisa Burgess,female,60,Port Keith-SD-19127,2008/12/07
2119,Shawn Kelley,male,43,Tiffanyville-NM-11898,2015/02/12
2121,Joy Jimenez,female,38,Jerrymouth-ID-09555,2012/10/21
2123,Joshua Thomas,male,60,Christopherberg-CT-17347,2009/03/02
2124,John Oneal,male,32,Lake Justinside-ME-65340,2001/09/25
2129,Ann Taylor,female,40,South Sarah-CA-25913,2015/09/21
2130,Taylor Ramos,female,54,Coreyhaven-TX-22525,2018/05/24
2132,Heather Rivera,female,70,Sheilaville-ND-18920,2012/11/28
2136,Matthew Blackburn,male,19,Jasonfort-MO-57526,2021/09/14
2137,April Young,female,73,Stewartberg-NE-28971,2012/10/06
2142,Brenda Gardner,female,62,West Kyle-DC-27414,2012/08/14
2143,Albert Pope,male,77,Joshuafurt-MO-08523,2016/12/13
2148,Joshua Jackson,male,56,New Michaelchester-CT-60577,2008/11/08
2157,Jennifer Webb,female,53,Phillipview-VA-59849,2000/01/02
2158,Carol Steele MD,female,61,West Brandystad-DE-84211,2004/07/22
2159,Nathan Jones,male,42,East Samuelhaven-MI-26471,2011/10/16
2162,Thomas Allen,male,71,Lake Kevinmouth-VT-42980,2021/01/05
2164,Alexandra Jones,female,24,East Kaylaside-NE-25740,2015/03/16
2167,Andrea Hill,female,19,Lake Michael-KY-93367,2021/02/23
2169,Dennis Hill,male,37,Port Stephanie-RI-27723,2013/03/02
2172,Jacob Avila,male,23,South Deanna-NE-52066,2005/12/18
2173,Jason Gilbert,male,57,Andrewhaven-WV-68850,2000/10/06
2174,Stephen Miles,male,45,East Rita-AL-43276,2003/06/25
2175,Kristi Kennedy,female,72,Gonzalezborough-ND-47981,2004/10/20
2176,Briana Carroll,female,32,Robersonview-KS-01165,2008/05/07
2180,David Kennedy,male,23,North Brenda-OK-70736,2018/05/12
2183,Christopher Smith,male,18,East Christopherton-NJ-46558,2005/01/16
2185,Rachael Cole,female,18,Jenniferhaven-AK-73758,2011/09/19
2186,Kelly Woods,female,35,Penabury-MT-98493,2013/10/23
2189,Spencer Mills,male,24,Rebeccafort-UT-02686,2012/02/11
2190,Jill Ramos,female,25,Kelseyland-NM-92088,2013/07/08
2191,Christine Ellis,female,65,Pattonside-TN-35489,2020/06/24
2192,Janet Clark,female,62,Ashleyville-OR-20917,2002/08/21
2193,Scott Hobbs,male,48,Barnesshire-TX-28868,2001/01/21
2198,Emily Butler,female,30,Port Marcus-IN-18942,2003/07/06
2199,Joseph Bullock,male,62,Peterport-VT-10837,2008/04/05
2200,Nicole Sanchez,female,65,East Jasonview-DC-60333,2007/05/12
2201,Christine Fuller,female,67,Cynthiastad-SD-87210,2009/01/29
2206,Justin Stafford,male,27,Ashleystad-WA-13644,2017/01/26
2207,Lauren Lowery,female,49,Larsenshire-KY-63668,2016/01/30
2210,Kelly Smith,female,18,Lake Lisa-TX-90169,2021/07/26
2212,Jonathan Keller,male,26,Lisafurt-CO-10381,2001/08/26
2214,Wayne Peterson,male,80,Reynoldsville-CA-30078,2009/02/02
2215,Leah Saunders,female,54,East Laura-TN-01430,2019/12/02
2219,Peter Martinez Jr.,male,70,Kathleenstad-KY-23751,2020/12/09
2222,Donna Elliott,female,69,Briggshaven-AR-61531,2016/10/18
2224,Sarah King,female,72,Lake Arianashire-ID-90910,2018/01/19
2225,Brian Bonilla,male,64,Port Jeffreystad-IL-78768,2001/11/19
2231,Julie Cole,female,18,East Jack-CO-76414,2007/09/05
2233,Jennifer Larson,female,49,Jeanettefort-MS-28548,2010/05/26
2234,Pam Cantrell,female,24,Mcmillanmouth-MA-47352,2004/05/22
2235,Leslie Martinez,female,46,Port Anita-SC-19743,2001/03/03
2236,Sally Moore,female,68,East Brianfort-MO-49200,2018/06/29
2240,Aaron Sawyer,male,23,Gentryberg-MA-62868,2019/12/19
2241,Marc Andrade,male,62,New Sheilaville-NJ-64985,2002/03/18
2246,Natasha Moore,female,31,Pittsmouth-NJ-76366,2006/06/07
2249,Michael Perry,male,62,South Shannon-WA-64193,2010/02/09
2252,Billy Hurley,male,27,Williamsborough-OR-05574,2014/06/10
2255,Susan Baker,female,34,Williamsborough-SD-23370,2005/01/29
2257,John Torres,male,33,Noahview-AK-86430,2006/09/21
2258,Brandon Johnson,male,71,East Pamela-AR-02624,2021/02/14
2259,Dennis Wu,male,35,West Alejandro-SC-56624,2013/03/24
2261,Michael Phillips,male,59,Matthewmouth-NM-85760,2013/04/23
2264,Christopher Davis,male,34,Port Coreyberg-AK-95709,2021/09/12
2265,Johnathan Zamora,male,62,South Andrewborough-MI-17800,2007/12/25
2267,Megan Payne,female,26,Kellyshire-GA-91817,2004/04/23
2270,Anna Jones,female,54,New Kevin-MD-36682,2014/11/17
2271,Benjamin Joseph,male,32,South Kristophershire-NJ-08329,2018/10/01
2272,Patricia Allen,female,32,Nancyborough-VT-60490,2019/01/22
2274,Jamie Murphy,female,58,North Yolandastad-OK-49567,2007/11/21
2276,Shane Leon,male,71,New Robertotown-NE-48035,2007/12/16
2278,John Maldonado,male,51,Johnstad-ID-37339,2004/09/07
2279,Joshua Daugherty,male,42,Richardstad-FL-03646,2005/04/02
2280,Dana Smith,female,66,Mcgrathberg-VA-65690,2005/12/30
2281,Richard Bowers,male,29,South Andrew-ND-79282,2020/10/03
2282,Sandra Young,female,28,New Robertland-DE-77235,2011/09/02
2283,Tiffany Burke,female,61,New Juliebury-KS-80137,2018/11/19
2284,Michael Daniel,male,74,Simonstad-NC-77988,2003/11/10
2287,Benjamin Singh,male,48,Bakerbury-NE-64369,2012/02/09
2288,Carrie Stewart,female,33,East Sarahstad-RI-10962,2007/01/23
2289,Johnny Burgess,male,31,South Adammouth-GA-39861,2014/05/18
2290,David Rodriguez,male,39,Nicolestad-ND-29241,2018/06/10
2291,Tamara Guerrero,female,37,Ryantown-FL-94885,2000/05/28
2293,Emily Johns,female,46,East Kevin-FL-58196,2006/05/12
2295,Joshua Johnson,male,65,Nunezhaven-OR-47286,2010/07/16
2296,Savannah Olson,female,74,Lake Alyssafort-NC-13506,2007/10/21
2298,Matthew Phillips,male,23,Lake Michael-DC-01887,2007/06/20
2300,Richard Mathis,male,59,Port Ryan-MO-79749,2000/01/24
2304,Rebecca Caldwell,female,71,Russellside-UT-33077,2017/02/01
2305,Debra Larsen,female,58,Bakerhaven-IA-43860,2011/06/16
2307,Amber Moore,female,72,Feliciaborough-UT-46855,2010/08/11
2309,Victoria Kelley,female,40,Williamsbury-LA-39123,2013/12/02
2310,Greg Jones,male,27,Robertsbury-IA-28457,2013/04/11
2311,Lisa Brady,female,70,East Angelaside-ND-83209,2021/06/19
2312,Dawn Perez,female,78,North Sheena-NY-51141,2011/11/17
2313,Nicholas Montoya,male,75,Wyattmouth-CA-76884,2012/04/18
2314,Daniel King,male,19,Johnnytown-NJ-19967,2005/01/17
2315,Marcus Davidson,male,66,New John-CA-90044,2014/08/02
2318,Megan Rodriguez,female,27,Lake Aaronmouth-RI-39781,2008/07/19
2321,Jill Medina,female,40,Wardfort-NH-95701,2021/04/03
2324,Stacey Ford,female,45,Lake Joshuahaven-MS-42783,2017/11/08
2329,Mr. Zachary Walters,male,51,Smithborough-CA-72370,2008/12/12
2336,Bradley Miranda,male,54,South Dakotamouth-TN-56856,2013/12/06
2338,Alicia Frazier,female,64,Irwinshire-PA-10376,2003/07/12
2339,Suzanne Richards,female,40,Lake Sean-ID-59381,2016/09/28
2341,Yvonne Watkins,female,44,Port Stephanie-NY-04187,2013/03/02
2342,Matthew Brown,male,55,Williamsmouth-NJ-53250,2014/09/05
2343,Daniel Murphy,male,77,Rosarioville-MA-90831,2002/10/11
2348,Victoria Edwards,female,68,Lake Jamesberg-NY-88824,2001/09/03
2349,Chris Ellis,male,46,Port Richardside-NY-77994,2011/03/18
2352,Nancy Clark,female,80,Jamesshire-AK-88437,2001/12/12
2353,Brittney Graham,female,40,Brownland-CO-71229,2005/07/10
2355,Christopher Johnson,male,68,North Justinton-VA-32798,2006/08/01
